movie_title,audience_score,critic_score,total_views
Movie 0,0.7037519420140749,0.9504464116625958,13259466
Movie 1,0.08007780962288158,0.9275971123725495,115999
Movie 2,0.14384645691695974,0.6548448013305781,23579
Movie 3,0.11405355082897706,0.2535253697298402,740801
Movie 4,0.1608829564767753,0.8858711594119416,252047
Movie 5,0.8709409676599964,0.8648983035989615,2550162
Movie 6,0.9976926687445616,0.3008091004497636,4219227
Movie 7,0.09738541740061502,0.31322731162440065,477585
Movie 8,0.8688803601522899,0.3300921194858679,7528675
Movie 9,0.37217391039745906,0.4680654488871093,210387
Movie 10,0.5563897603137443,0.6636904491640465,497209
Movie 11,0.24629448903209572,0.753142329297655,164221
Movie 12,0.6068822801978604,0.38827353789844676,108251
Movie 13,0.3881490257597622,0.8538922253499894,111636
Movie 14,0.6394043352964123,0.8551529215729511,2189273
Movie 15,0.997266453472644,0.10670942573313835,948248
Movie 16,0.3741217325590953,0.8703185975092216,8983
Movie 17,0.15774350540695747,0.8015674895414973,206020
Movie 18,0.08349197054059099,0.4863261508434268,306633
Movie 19,0.5316540469334964,0.7873257215548004,2493497
Movie 20,0.5833681873142154,0.14205545720998125,10154478
Movie 21,0.09980840334275942,0.7057174488707584,146234
Movie 22,0.9102037688749729,0.5315583485797897,4013750
Movie 23,0.5943814166871587,0.31826288715481055,1211006
Movie 24,0.9353788730991205,0.5729188719599806,277740
Movie 25,0.3329141620712256,0.7881218553919275,472876
Movie 26,0.4944702614933386,0.21570922203418208,865816
Movie 27,0.3926571390256002,0.7552823173360331,23388
Movie 28,0.01612589441919099,0.48117478853889895,110104
Movie 29,0.300453703401368,0.7460103862995288,174307
Movie 30,0.018411704372900628,0.10690215098810463,125899
Movie 31,0.09354411485544456,0.06668222741031327,709570
Movie 32,0.9170317232361823,0.44688351269818205,10540446
Movie 33,0.9502720733211077,0.20763115876236127,11757756
Movie 34,0.29828683821479074,0.9205214375627114,121639
Movie 35,0.9803504202408517,0.2692646971071919,7088517
Movie 36,0.3159284403228644,0.9237285620554068,49879
Movie 37,0.8899169435483815,0.640929088170371,382890
Movie 38,0.9251463223283044,0.3170183094321224,690098
Movie 39,0.8609715131385032,0.10528835910646062,10852362
Movie 40,0.8002400710774793,0.7454268610722126,3288752
Movie 41,0.5653458483813523,0.6582147718717444,1018484
Movie 42,0.8108440896926473,0.2685586933321499,3620910
Movie 43,0.8845723250905628,0.0313223927317422,121908
Movie 44,0.7677641428822377,0.8676897377784131,298011
Movie 45,0.28577516525680446,0.7467540486815437,277399
Movie 46,0.7678138599577263,0.5168361408693277,331454
Movie 47,0.40765307366052794,0.3486510664233641,58334
Movie 48,0.8419525739145761,0.0970411283123368,935979
Movie 49,0.9312981917314772,0.10001641386972893,1220742
Movie 50,0.9028350031014756,0.5414828392737451,5952713
Movie 51,0.12126980943916299,0.8707554492752292,97157
Movie 52,0.3853012011656546,0.9811466519383539,438333
Movie 53,0.8929280381147999,0.8989631177663086,2415011
Movie 54,0.005135270329275077,0.883289465830768,60051
Movie 55,0.14072963361430302,0.5248004982803638,222315
Movie 56,0.3967131301142657,0.8496837530408324,28197
Movie 57,0.9414356002868223,0.8899087643535988,2439139
Movie 58,0.30145806608874404,0.6933264282929453,319984
Movie 59,0.23159652044148638,0.037882193145403975,675296
Movie 60,0.05146076777801556,0.2238258612295283,1285423
Movie 61,0.5482782492811198,0.004438647183833688,526873
Movie 62,0.7269470931898261,0.5789512329326323,414644
Movie 63,0.539316811141776,0.0004300776880961088,516021
Movie 64,0.8158628228614142,0.29574889337755395,2748065
Movie 65,0.7184221004304463,0.05761448457757001,1019215
Movie 66,0.23365426596294248,0.19189022310855508,377337
Movie 67,0.7475429954639867,0.5322422017431394,4548719
Movie 68,0.46600596022772944,0.9878485386048617,22537
Movie 69,0.601634085088528,0.17178510416463744,3386659
Movie 70,0.7370266275776998,0.9020703640173681,161461
Movie 71,0.5045684831246343,0.818886331125066,56886
Movie 72,0.7329408783361688,0.24499974572780503,377205
Movie 73,0.528237743073963,0.24069755703867435,328218
Movie 74,0.6845300429476779,0.619385511772574,275539
Movie 75,0.9771869964586961,0.3615483956559139,823386
Movie 76,0.19150464442936588,0.664418289192162,125259
Movie 77,0.534376487124962,0.17650476288627626,65082
Movie 78,0.4098981483356765,0.6791077430426008,2242256
Movie 79,0.3113534708234523,0.12518396942107712,222058
Movie 80,0.6731039050706172,0.3098610439876397,325483
Movie 81,0.8355623411592263,0.4419385227385557,1944361
Movie 82,0.7760090912950479,0.7016280992277812,521576
Movie 83,0.21752523994044481,0.20428669523458431,187214
Movie 84,0.549771031613041,0.6027902696289252,534825
Movie 85,0.3096929163460449,0.7581899519336126,28095
Movie 86,0.4642653768554228,0.06528971451621801,1104588
Movie 87,0.43859283757834133,0.7132197263058205,2002936
Movie 88,0.0625636098567578,0.8667742301217478,232478
Movie 89,0.8466668420270071,0.9624169005872675,355026
Movie 90,0.8708941305868397,0.4982912947292121,1018785
Movie 91,0.3798423537188831,0.00870808163445258,734465
Movie 92,0.9347027702959414,0.6658005703603663,3046532
Movie 93,0.287820785671972,0.05569305440735883,1012803
Movie 94,0.17967343965487725,0.5987747685987493,464493
Movie 95,0.49329922585559405,0.5022638190621775,255910
Movie 96,0.07132612036107899,0.3586104145941019,636481
Movie 97,0.3970469739787029,0.36086319008142487,650393
Movie 98,0.6407450154401693,0.8354140743617092,1202660
Movie 99,0.4132215303578939,0.45198040119713834,400873
Movie 100,0.6118697132644731,0.591217985864854,1600287
Movie 101,0.3268486732059923,0.16235509069152143,839150
Movie 102,0.7339887341223194,0.24879204005947686,3781798
Movie 103,0.6625009166880822,0.3620368696135098,2008599
Movie 104,0.2495996783008363,0.01150848739739685,917549
Movie 105,0.6097819178243626,0.054194079866554334,2684734
Movie 106,0.1271318434239469,0.10652262605339469,37558
Movie 107,0.5076122924989614,0.06519614767095205,2000711
Movie 108,0.786069236785196,0.7001121005570677,570570
Movie 109,0.19950690033209373,0.33815656955514783,853299
Movie 110,0.4928861349624587,0.7638867341979756,13750
Movie 111,0.003689219621307527,0.8714757667060532,375475
Movie 112,0.3197556244004748,0.4998720697695296,938225
Movie 113,0.04784586362870935,0.3196528402661917,161343
Movie 114,0.7815973994835952,0.8922399592412182,63727
Movie 115,0.13576646499482925,0.06960733652689488,222193
Movie 116,0.7388939602820226,0.42513804386681087,6886761
Movie 117,0.38779622455530605,0.6219686785373494,984765
Movie 118,0.7319452923868562,0.04781679619337953,173235
Movie 119,0.6268840173429665,0.0993709668566708,193082
Movie 120,0.3164114885383227,0.6753488161927742,487550
Movie 121,0.19696484932847036,0.428332028184911,614724
Movie 122,0.6920534942301036,0.6469617833150175,182564
Movie 123,0.5287292160911584,0.059001406320326244,1127132
Movie 124,0.5228287138417239,0.8762367432744541,512712
Movie 125,0.27731904841210475,0.600632505112609,213387
Movie 126,0.24341489201167055,0.8258795358425618,1952
Movie 127,0.2747372524818902,0.5692524347683287,403348
Movie 128,0.9503315200165507,0.6981883744801861,878820
Movie 129,0.17067247669574903,0.899094488786851,30605
Movie 130,0.9542382674155991,0.263581067934331,1156528
Movie 131,0.4015220470114146,0.8381812476254072,388048
Movie 132,0.15185014886070658,0.26947755885048097,109150
Movie 133,0.5928050063809126,0.9744742599511085,442724
Movie 134,0.8857523710291946,0.6170675749786626,1588951
Movie 135,0.1058358411436856,0.3255031324029165,55594
Movie 136,0.7043855426012747,0.8146837410220507,519013
Movie 137,0.395926012127358,0.6879976798883088,39181
Movie 138,0.37850898667427524,0.6151862698020906,627513
Movie 139,0.7631098124827055,0.9744737144061031,300948
Movie 140,0.8958836840144487,0.3752668799525769,891771
Movie 141,0.531240822964665,0.4693183976044786,1068933
Movie 142,0.10934100440773009,0.9420170382504073,197158
Movie 143,0.22000080145970147,0.8971212841252819,725541
Movie 144,0.4526463045697493,0.6207938656551352,498491
Movie 145,0.9237620646628539,0.5392983281814505,1930305
Movie 146,0.6445937609346026,0.8625663430211318,38920
Movie 147,0.14459189611911882,0.08938762869860606,418786
Movie 148,0.4622083683081133,0.24502141551389744,1684208
Movie 149,0.09404795360120433,0.9311228688628763,180039
Movie 150,0.5532791717603379,0.8148714909145351,763298
Movie 151,0.7134572128817848,0.9172314165336461,3604389
Movie 152,0.32957984096793946,0.5172007667491805,736419
Movie 153,0.3729395233543311,0.8980067100762348,180291
Movie 154,0.9517483256968885,0.6869920833481317,705957
Movie 155,0.5480957554611893,0.3501230288945153,3017570
Movie 156,0.46224550599708325,0.6851398362442177,1459515
Movie 157,0.13855641131577578,0.9756587825013087,104828
Movie 158,0.6392484877879703,0.09692781302469178,3988008
Movie 159,0.14636688294315858,0.613299236991323,1023778
Movie 160,0.8302497834326534,0.11281675945401737,2200394
Movie 161,0.3219613865843933,0.602465439084413,1200691
Movie 162,0.827818888205516,0.2621317894413733,4225752
Movie 163,0.7186528264165862,0.09003361823317158,2437117
Movie 164,0.8675586471441159,0.4331355863578529,3192356
Movie 165,0.16391838878429066,0.6859275552768558,695935
Movie 166,0.9437246648898644,0.4400574275609981,47155
Movie 167,0.8036656313742333,0.9607370325115884,3570564
Movie 168,0.8512511706214035,0.34278638954732943,445921
Movie 169,0.9451037489107728,0.5781157453216209,3267907
Movie 170,0.4187944053100091,0.982700336792836,18026
Movie 171,0.29631489197395156,0.8595532693459007,21653
Movie 172,0.31594241870820006,0.7436473093277142,105992
Movie 173,0.6795932051668817,0.6044047777228008,531528
Movie 174,0.7069453030728985,0.6233803107669547,1388779
Movie 175,0.022975142946979887,0.4678557603963225,512545
Movie 176,0.3013280250810435,0.4160424533219258,1640847
Movie 177,0.26620705617840135,0.6891273345834229,147583
Movie 178,0.6534855440625162,0.2964560583489487,2541762
Movie 179,0.4554739679160451,0.19943940326317178,886775
Movie 180,0.7012655843293499,0.4515978523688292,1164302
Movie 181,0.29299263337489634,0.8904094006200014,700296
Movie 182,0.6627943548089152,0.7971756113494101,1120736
Movie 183,0.478260147037572,0.8994743636481508,228498
Movie 184,0.33137772520269826,0.11564646083244634,196998
Movie 185,0.8109064103945959,0.36718554647567536,1515044
Movie 186,0.36798401229209365,0.10786719370515785,4850
Movie 187,0.843154600252921,0.017679816260555037,5532229
Movie 188,0.9962038800433382,0.8900952735401066,896326
Movie 189,0.4201084931398896,0.9034182489665155,247371
Movie 190,0.43742247552728974,0.3132888771774086,712928
Movie 191,0.07988106702270537,0.5159352901926141,294847
Movie 192,0.7304165635241143,0.8415474534769414,221172
Movie 193,0.3870645866555229,0.5055402702401067,213229
Movie 194,0.7648620904721994,0.5486990239764554,32653
Movie 195,0.11312672146798619,0.09432992062235523,7471
Movie 196,0.48964068186810894,0.021620114322607464,742155
Movie 197,0.39953975496252314,0.9076587915426425,355722
Movie 198,0.5019437735232529,0.8843296146318239,110684
Movie 199,0.45176161872485765,0.5312299562232536,1238285
Movie 200,0.22770153402951154,0.6056734706413608,190455
Movie 201,0.026466101390915542,0.8414181427771432,48709
Movie 202,0.22715169148289915,0.9350470212981615,4029
Movie 203,0.6732601807224899,0.5301746758078065,85155
Movie 204,0.18264585846334502,0.15369152527050123,218293
Movie 205,0.9022367086495113,0.1358340501016263,6230399
Movie 206,0.3851649511766858,0.13234559720916417,793394
Movie 207,0.1674873668253113,0.343773395504541,69248
Movie 208,0.0879844128222883,0.6264524163620867,502214
Movie 209,0.4225019948912013,0.9113813883912211,236408
Movie 210,0.25092298272825797,0.026013752086286757,231246
Movie 211,0.008188581891960145,0.22858503269963482,635188
Movie 212,0.5164491650702093,0.943564702188094,473700
Movie 213,0.8030188099078263,0.5853305230856436,1134370
Movie 214,0.37957909490887853,0.036079424387121195,2025309
Movie 215,0.5308975816114773,0.8084819588189409,1266218
Movie 216,0.6763978576021008,0.6278356642775854,452588
Movie 217,0.17902513222782124,0.8439235007458173,123957
Movie 218,0.9294276256471952,0.41986011950852276,1791286
Movie 219,0.25104332750689706,0.4579430548899903,635463
Movie 220,0.9885664546888204,0.5916774819965206,2721448
Movie 221,0.1985610282516992,0.1427018532955424,42966
Movie 222,0.9435920018257329,0.6050381686227143,587076
Movie 223,0.6392273666656303,0.7767356334023408,2338262
Movie 224,0.6131450860468157,0.7814499897149093,1798543
Movie 225,0.17658242546755576,0.10026444595019335,23919
Movie 226,0.33666922873634064,0.5353597574485214,645609
Movie 227,0.683752792145916,0.7558497875674669,3205112
Movie 228,0.09227828421006923,0.50824795777366,134333
Movie 229,0.6537352535364893,0.1484255990481249,3150822
Movie 230,0.9964980913155954,0.2584055806871872,2979687
Movie 231,0.9717769711089875,0.27391435589969915,793414
Movie 232,0.10358997282662841,0.2158732348157142,463420
Movie 233,0.3968691032444922,0.30391862408675674,453225
Movie 234,0.01700062319969675,0.3494244164574062,259693
Movie 235,0.8137349707622002,0.8487382007995382,559879
Movie 236,0.14426966718175172,0.16432142438821273,113621
Movie 237,0.5498212875540238,0.7510164341548599,89554
Movie 238,0.07316556257231854,0.4038357791558581,143907
Movie 239,0.45462363727508115,0.1745575634982739,550945
Movie 240,0.8044760977295526,0.02561914816887445,993534
Movie 241,0.8957996582070614,0.9768885332121053,595068
Movie 242,0.8707530530873021,0.4873620076675619,1003517
Movie 243,0.7447151117670572,0.0967358508605426,12673919
Movie 244,0.20588335190606077,0.9387323859763729,89457
Movie 245,0.24458948852589124,0.23142300133157778,678814
Movie 246,0.5971672166804805,0.3672763412968377,477913
Movie 247,0.9553517197637968,0.08867580363275385,3483567
Movie 248,0.008626860822189664,0.1356709157221866,68417
Movie 249,0.8940425937211117,0.6709751217606537,77730
Movie 250,0.5739639928161717,0.8452282042461604,4634670
Movie 251,0.4133804797359245,0.7264226064723492,69511
Movie 252,0.5562263743452881,0.2725271953770767,1611260
Movie 253,0.019342312398818562,0.32330308761719295,449198
Movie 254,0.6837033572504879,0.8729090002384248,299845
Movie 255,0.1726833032323528,0.6028558220839577,109178
Movie 256,0.09476593593410676,0.3864943784337339,435775
Movie 257,0.45634126522278606,0.4396402179323369,2409557
Movie 258,0.1969446299475358,0.5676778825924031,44399
Movie 259,0.9939895886359067,0.66781728189153,13647
Movie 260,0.7673753119279972,0.3217999674202794,5492067
Movie 261,0.09928173763314563,0.6081718084645537,5060
Movie 262,0.15731660761308808,0.3277195384953745,400716
Movie 263,0.7400596460238787,0.41793667960160574,5380441
Movie 264,0.91282901297567,0.3778742845345794,3813992
Movie 265,0.9370184299110557,0.878130288720611,262158
Movie 266,0.9247240724903873,0.32935677978658984,1272092
Movie 267,0.5243864666273387,0.8601604169924402,266847
Movie 268,0.15873250831943675,0.5159397344434087,20253
Movie 269,0.6672999347997972,0.4856256576794804,4112985
Movie 270,0.846523790411257,0.4564217041462676,537138
Movie 271,0.7602155918644575,0.13566724333345193,1410928
Movie 272,0.26192718280179883,0.4097079303477279,396210
Movie 273,0.48532878525878964,0.44676151625934923,224517
Movie 274,0.13218165222762057,0.2524716659487958,532825
Movie 275,0.053228244697614335,0.09473288072082253,337806
Movie 276,0.3446081099447028,0.7762686150126975,573129
Movie 277,0.46379494206943717,0.3210639087139072,471190
Movie 278,0.5963363344211816,0.08367886592249685,1239737
Movie 279,0.14641261356221702,0.0008808933605778391,25860
Movie 280,0.617610331902281,0.3987617456470237,508000
Movie 281,0.9726669689878513,0.4109223571930991,7662167
Movie 282,0.24292373440878412,0.6848780433991076,270221
Movie 283,0.17386276193293726,0.41437456057600874,367205
Movie 284,0.9389990404882755,0.8990202595223462,1726251
Movie 285,0.771767518124354,0.2060913146268074,6164818
Movie 286,0.6745258442051152,0.1473410338428972,7564685
Movie 287,0.8030570994919597,0.7667805515929933,13872
Movie 288,0.29762054946417393,0.5119145130998929,714915
Movie 289,0.7751215258679125,0.5435701466422282,103323
Movie 290,0.8087632486481803,0.5933836739947598,802203
Movie 291,0.6409288828790308,0.8369637548110402,1135840
Movie 292,0.08626380684612278,0.676663604964058,103025
Movie 293,0.273316687310995,0.6382494256014966,52847
Movie 294,0.29331229540707193,0.32868203337930135,257161
Movie 295,0.5929421060493008,0.28293784506402775,1803374
Movie 296,0.7380342688175823,0.7492134345562637,116978
Movie 297,0.15358572609222232,0.5019053458292212,284167
Movie 298,0.8830382240905625,0.7021780614765983,4661949
Movie 299,0.07323321157693063,0.13308798229247842,132670
Movie 300,0.6969791684203888,0.33567401422402077,1747508
Movie 301,0.49384014590413894,0.8300232522269841,15175
Movie 302,0.24856530965289936,0.7560477365472594,11024
Movie 303,0.10262232263920112,0.9371586890898316,108149
Movie 304,0.8299098107125703,0.00323004808996441,4542272
Movie 305,0.3478748865394379,0.4891015628886787,981250
Movie 306,0.6577114620279001,0.30237696293420524,2157004
Movie 307,0.8872264840906721,0.5105992638373518,487106
Movie 308,0.7784627795314111,0.4731608936564977,941510
Movie 309,0.5856846808157607,0.6181400586967379,1950606
Movie 310,0.16862513753390918,0.719588784504663,165315
Movie 311,0.09571197114667884,0.6777094022993407,33229
Movie 312,0.27491332805049407,0.23576586715367898,348250
Movie 313,0.5001967185569992,0.07073751376554571,6163878
Movie 314,0.3183990468380272,0.2890854158713374,122406
Movie 315,0.532295525640904,0.958258971359066,718753
Movie 316,0.45047395551372515,0.8020583628883088,105886
Movie 317,0.7243888259093797,0.30800430145910596,3029915
Movie 318,0.905546243358401,0.46593529595551697,316977
Movie 319,0.4816124802391597,0.6393951674674614,773775
Movie 320,0.7677561943060175,0.9207789148676241,538550
Movie 321,0.7013937829612078,0.23436637780214054,2745384
Movie 322,0.009466501125452331,0.477192635332673,77844
Movie 323,0.3372766505734055,0.7214387334450096,137814
Movie 324,0.8302697771008967,0.5709857655344109,627770
Movie 325,0.6036429147474948,0.8719926867726434,289854
Movie 326,0.819199423746101,0.613123202938752,1455445
Movie 327,0.16681669755763395,0.2783648978146438,5901
Movie 328,0.7732659082310175,0.8050868588140242,593715
Movie 329,0.37627265397849774,0.5274086943879162,2237216
Movie 330,0.5906855225949263,0.13731037781161226,560130
Movie 331,0.22242405713123736,0.6006696500506581,39024
Movie 332,0.9955699645530104,0.44989245442649917,11263530
Movie 333,0.2702342339122493,0.963888432362332,232448
Movie 334,0.24772741007108334,0.09515330949408096,327766
Movie 335,0.8514540658003391,0.2501963523960088,2834059
Movie 336,0.30959934464615946,0.32742637615964243,575033
Movie 337,0.9771642942382189,0.18104075674480846,1510727
Movie 338,0.9125573773372642,0.5175026036424071,2033871
Movie 339,0.821350805888741,0.2534002625902859,1491527
Movie 340,0.6941641055918889,0.005062492960172249,1897142
Movie 341,0.2573171260596431,0.22155968735013032,144594
Movie 342,0.39627770559060815,0.29881130704714765,935755
Movie 343,0.5574590999524287,0.3430245851003021,1101629
Movie 344,0.3097662618458803,0.6195691757367855,67434
Movie 345,0.09475100553933236,0.24450501813959524,800936
Movie 346,0.9209609062036223,0.353978540417462,594587
Movie 347,0.5590771678393468,0.24061036208189035,2518838
Movie 348,0.5640437793386511,0.13545074891540543,862625
Movie 349,0.5866210785754307,0.8262013273931174,629190
Movie 350,0.8013771146909633,0.5180509177072697,2160544
Movie 351,0.03367687068230418,0.39711527139133007,118851
Movie 352,0.7848523543423411,0.1690520754518937,333825
Movie 353,0.040213125268921956,0.4970165264358576,39318
Movie 354,0.2957609976674356,0.807184155138667,55185
Movie 355,0.5296979468906772,0.9451020540488401,171444
Movie 356,0.2236104753468765,0.7832712320996851,445995
Movie 357,0.6646400830196372,0.6356387798502457,101690
Movie 358,0.7224805272325253,0.6064032028995622,3275067
Movie 359,0.21365100410546023,0.3153391339850864,1015369
Movie 360,0.4460305825946891,0.8646916766859075,375232
Movie 361,0.8652836303626584,0.9017847198485692,1360607
Movie 362,0.9424465843769356,0.8027233366226272,1776636
Movie 363,0.7928671621719837,0.6791276597152662,1030283
Movie 364,0.5314188162261135,0.2081883543369174,2893276
Movie 365,0.9734775157661696,0.6213822003193366,1575055
Movie 366,0.7622739589811752,0.9903691193755503,2404605
Movie 367,0.34842496113720545,0.885639711014204,205984
Movie 368,0.23951499939516618,0.3129014866536338,217165
Movie 369,0.7191469280965829,0.3897990480369151,6075646
Movie 370,0.536947322056491,0.44240390282114084,2672969
Movie 371,0.48105393568764476,0.9056078982172849,20378
Movie 372,0.13191889195841766,0.016494750210144016,76910
Movie 373,0.384319771204374,0.789034751339571,243738
Movie 374,0.47377726015271204,0.9005404784634985,186798
Movie 375,0.7855615244872068,0.020228611289753284,5738874
Movie 376,0.7521464950321431,0.6480342046724831,2866628
Movie 377,0.6908132967113977,0.932841440413339,1986025
Movie 378,0.1492680364047555,0.7800394299646726,34809
Movie 379,0.9342279954160091,0.29618977797392165,5520032
Movie 380,0.4551244856765657,0.569408908429454,191274
Movie 381,0.7396308541460793,0.8035459499663419,2410136
Movie 382,0.42103499753480556,0.7253901229781421,600659
Movie 383,0.04475201911781512,0.008759042279922968,16888
Movie 384,0.4440719385918187,0.514985549690504,626670
Movie 385,0.5793610078353356,0.5322522831915582,136614
Movie 386,0.24496838630482676,0.3363949886034948,430923
Movie 387,0.05520088865258954,0.4003444777874412,19224
Movie 388,0.985842221429602,0.5637304062823737,317856
Movie 389,0.1295541042120607,0.9030452516309313,135981
Movie 390,0.5572597005232472,0.8493202986592234,330146
Movie 391,0.5699632171040374,0.1525472510821454,8210163
Movie 392,0.19092299407046076,0.4805608180786429,828160
Movie 393,0.8435031884200622,0.0619979920788839,2980103
Movie 394,0.6025235169849046,0.6286213648805058,745818
Movie 395,0.5515833364500499,0.6062646725233408,845835
Movie 396,0.9646095403082888,0.5399338814428518,2229151
Movie 397,0.34678934432906616,0.5526730904764164,1847181
Movie 398,0.676408169838602,0.13222963063199822,603390
Movie 399,0.5714221002360219,0.08913629856752259,3070090
Movie 400,0.7973401516723465,0.44442401222389305,83916
Movie 401,0.08901342681499913,0.9796097420428932,24749
Movie 402,0.835534838266847,0.09286427692442345,6022935
Movie 403,0.5619251419580351,0.4945137689656388,1751610
Movie 404,0.16443967491995948,0.11120742729475597,1112981
Movie 405,0.45980371163878664,0.13126530744930465,1785890
Movie 406,0.4631466613524864,0.4120206952220965,2549359
Movie 407,0.42251150890197053,0.6938142082270057,569108
Movie 408,0.6717957534130177,0.9798705409088303,113793
Movie 409,0.5679845695346238,0.9937360257048727,22373
Movie 410,0.41133419110330505,0.6459773488766307,1129537
Movie 411,0.2933533441428502,0.7198736390344151,131839
Movie 412,0.9169122780404575,0.9391460348551476,114500
Movie 413,0.4704507402882767,0.3535802256572175,487087
Movie 414,0.5118804695456322,0.019196214090395514,607586
Movie 415,0.4422747158231841,0.7201362357993639,1767587
Movie 416,0.979173857522174,0.28388644258045004,4398691
Movie 417,0.6769905810053932,0.2994120691033617,1898510
Movie 418,0.06607849404131905,0.6549544738903794,6746
Movie 419,0.8093743013648573,0.44092231258435566,1260886
Movie 420,0.37778030385747385,0.35423178892558094,521634
Movie 421,0.9691021667969077,0.4653666903113005,1678717
Movie 422,0.8137016945303113,0.15024010367806417,123645
Movie 423,0.48804159994641105,0.7825753897499722,1694250
Movie 424,0.9825344109642714,0.5948121545962024,1683255
Movie 425,0.5325541571118307,0.4791543497419324,189519
Movie 426,0.9587021929509728,0.7868874877902174,1440891
Movie 427,0.25954048287911136,0.8676306050309939,96695
Movie 428,0.06811815141947863,0.6296672039515655,76963
Movie 429,0.43371934391288713,0.5043898966085394,3014122
Movie 430,0.7881392523124265,0.787867510566575,1724937
Movie 431,0.576506369897718,0.9115059873788366,530397
Movie 432,0.7960966848132752,0.2546608461679021,1668309
Movie 433,0.8745853848711518,0.08052393582764306,13265
Movie 434,0.5964962658917933,0.3777479918871387,915604
Movie 435,0.7561359873437138,0.7793874997935346,3490588
Movie 436,0.2515214352481302,0.24916765371860505,65693
Movie 437,0.8689160370720732,0.1742916901655439,4799712
Movie 438,0.623522540733628,0.2711769092191588,148673
Movie 439,0.47649960002810476,0.2886960004362894,260103
Movie 440,0.06431973821945303,0.9119268134101501,37379
Movie 441,0.8114895688922893,0.02120133661750523,4598209
Movie 442,0.21996704860518512,0.44146747782577367,202928
Movie 443,0.9642023827749693,0.6896138111716952,754449
Movie 444,0.4964284761913338,0.6760572504162932,7
Movie 445,0.40349900569618624,0.9533768529631812,19782
Movie 446,0.5715365518667932,0.6959887268117059,421974
Movie 447,0.6034703969431129,0.6422305521183064,4137266
Movie 448,0.6259757331301681,0.021772805747450663,11738849
Movie 449,0.006295947325892448,0.5733002078197056,184326
Movie 450,0.9062028149599083,0.9373036646094214,3737868
Movie 451,0.45617361255355926,0.23917065781646296,277846
Movie 452,0.351139339325796,0.9167236057531214,90574
Movie 453,0.5975434363166143,0.5959158804498134,2700130
Movie 454,0.45648856639466806,0.8726103872905177,767431
Movie 455,0.8281848462584431,0.36721263262529624,1661275
Movie 456,0.2621333430670246,0.3479919763326912,616898
Movie 457,0.006288257533204389,0.16443399448227713,339282
Movie 458,0.7135218802304196,0.6653353073414408,4749432
Movie 459,0.8151139542918483,0.007263958868686138,521711
Movie 460,0.40471105094914506,0.6232831210997841,554204
Movie 461,0.881687983358811,0.937676301546322,2498073
Movie 462,0.6883796341368631,0.6315690511195188,1131593
Movie 463,0.33735013968871397,0.6560094868119833,497077
Movie 464,0.5279150543947776,0.5178239925032202,501031
Movie 465,0.7261804134414735,0.6130355281826322,1248095
Movie 466,0.07370968558609425,0.10429707770611851,79825
Movie 467,0.2974370559887556,0.25694588151897124,72443
Movie 468,0.4685598322622344,0.519018021871405,1956704
Movie 469,0.7947678743221612,0.912404803753933,788335
Movie 470,0.31983451455706213,0.3073918823409608,642422
Movie 471,0.5164432397385135,0.9350371491394256,141480
Movie 472,0.24907594474169703,0.7818392702111945,247610
Movie 473,0.8285432312921996,0.6291547009815148,1554759
Movie 474,0.7255872672279353,0.6393928000822332,194565
Movie 475,0.22023282537694244,0.023771596955425744,38085
Movie 476,0.5360381917769743,0.8372938398142347,260211
Movie 477,0.36161718700519974,0.843871288571758,295253
Movie 478,0.634644037547494,0.25213121198119115,1106779
Movie 479,0.39531605038651774,0.6092690949047078,48139
Movie 480,0.45740474438879364,0.7041033692987423,1353176
Movie 481,0.4213173086508899,0.4680569315668761,177087
Movie 482,0.6239087509483163,0.9284427157730856,106793
Movie 483,0.3673084516088464,0.7176197596783739,684533
Movie 484,0.7051761152532566,0.10524455355010565,855367
Movie 485,0.9685819565725777,0.30891629658632414,1608685
Movie 486,0.4253550156320639,0.4478631606820592,216821
Movie 487,0.38426032500671403,0.1933621182314561,555104
Movie 488,0.941890920069054,0.19145210768651744,1694059
Movie 489,0.7880098027842249,0.584946039106241,1689688
Movie 490,0.5465757960826875,0.7566778707808831,234716
Movie 491,0.5633397258167633,0.5479041493696839,266360
Movie 492,0.023991578392027146,0.6798784311045759,645255
Movie 493,0.5210064210701528,0.3331241909059305,1081594
Movie 494,0.034277073162642946,0.9709497642672958,99227
Movie 495,0.4779762061796683,0.3641591985599776,455426
Movie 496,0.15472935044379,0.6766578091910969,38374
Movie 497,0.8775167716730136,0.382591172148698,3019468
Movie 498,0.21467277994620093,0.48184225213609944,289685
Movie 499,0.6683591105359902,0.29439390503352947,3352603
Movie 500,0.3770371197839951,0.4694202130993904,1608471
Movie 501,0.46781323078389003,0.5732919292567997,2352653
Movie 502,0.676190525368193,0.7214071307835009,3181440
Movie 503,0.6252355323360571,0.42815135841945107,455350
Movie 504,0.8214543133584209,0.5332238759543262,366799
Movie 505,0.5013100951154992,0.22102751147427757,769400
Movie 506,0.06127388214337659,0.6464873088360198,86188
Movie 507,0.21220926044622124,0.7851059066519057,32413
Movie 508,0.8633686644852959,0.76628952014469,2315554
Movie 509,0.03908392400580318,0.17784006427325616,270666
Movie 510,0.354069627124841,0.6733951790242183,40330
Movie 511,0.6888243578807189,0.07833805378266223,422456
Movie 512,0.2334988616606929,0.6139715128796023,170996
Movie 513,0.48945637445657,0.682758892464128,126906
Movie 514,0.3450882123181035,0.7036271274468863,38358
Movie 515,0.7355680830769958,0.5237633511304199,295043
Movie 516,0.483901400481735,0.8839077137002477,21263
Movie 517,0.7873807666734822,0.04940835595560844,1303743
Movie 518,0.2881008133255054,0.09159823521387234,89189
Movie 519,0.6903840117264202,0.24383238614040204,1813420
Movie 520,0.6908394480435494,0.8010997365542759,51635
Movie 521,0.6399455612651487,0.937048553558433,791946
Movie 522,0.9910009844806303,0.5695302366351359,8646759
Movie 523,0.23259482285459598,0.035913049572701805,881306
Movie 524,0.1355363834357155,0.8773017587344424,39445
Movie 525,0.6930276468176375,0.09119456718417485,6190845
Movie 526,0.027805269658338627,0.33518122688081564,320297
Movie 527,0.643805017357228,0.522443327953743,2403753
Movie 528,0.4870763414615067,0.9909469794905773,162041
Movie 529,0.05933920508748014,0.04290279324908064,340643
Movie 530,0.8090587375977214,0.8269640245234009,5390398
Movie 531,0.053641866775438696,0.8825548855830156,515210
Movie 532,0.577212412605052,0.9448707192371444,127318
Movie 533,0.6649907702916803,0.0968319100421472,3601579
Movie 534,0.7977030905276375,0.0346888930435888,2241110
Movie 535,0.7094119543227868,0.608080511301357,212307
Movie 536,0.5716079991053052,0.1843907108221159,3538002
Movie 537,0.3331869616991088,0.9491897130705006,126562
Movie 538,0.8004408220155316,0.5758269316092014,718157
Movie 539,0.15406985146173113,0.8037778770482168,81697
Movie 540,0.7629178698213821,0.5086393414673472,1620102
Movie 541,0.7426251085303769,0.41826192599836653,676290
Movie 542,0.11903064552840292,0.05264423804192098,47317
Movie 543,0.8932794146637912,0.40835080642276556,8685557
Movie 544,0.19709598357138836,0.832967231244095,189532
Movie 545,0.6390180941540159,0.10374929141255718,767284
Movie 546,0.2790394120438582,0.5692802669986674,79650
Movie 547,0.8440437092461954,0.8446675198986323,3573661
Movie 548,0.5997195583218808,0.25793224899047573,14794039
Movie 549,0.44256488294108687,0.8974057963847468,67621
Movie 550,0.14849061017169551,0.8815130796422341,288061
Movie 551,0.9657108847329372,0.9194656883336227,5070953
Movie 552,0.7644869341848689,0.08220158119727194,1989668
Movie 553,0.18190590850814914,0.4705868516248849,230118
Movie 554,0.44651382423988606,0.6309931943006385,422141
Movie 555,0.23751840233435317,0.45603048264903867,213460
Movie 556,0.96076152017989,0.044752796281192664,616631
Movie 557,0.9184854294395965,0.6907913608831281,875863
Movie 558,0.8827215339092574,0.4847772033564469,2441578
Movie 559,0.11114666079840496,0.8073773624337538,42789
Movie 560,0.5592132238865131,0.638902616621838,409618
Movie 561,0.717725696395141,0.4012696999742945,7403604
Movie 562,0.3199398284666224,0.054877899313444556,118602
Movie 563,0.1147601542458958,0.6866699084335512,865747
Movie 564,0.6022982969376648,0.19642261191427934,2787329
Movie 565,0.30217553326591784,0.6112626956394105,429740
Movie 566,0.8319495161422592,0.6505811344871709,1192842
Movie 567,0.2369390844501269,0.5662213295683628,720772
Movie 568,0.7112170076725914,0.1260139380713421,5160180
Movie 569,0.7286263881893441,0.9999346147912392,491261
Movie 570,0.9754284057184734,0.4944750272657341,959168
Movie 571,0.838333057446187,0.31953317988008356,476612
Movie 572,0.7463082966450825,0.6922047027318201,1000755
Movie 573,0.5963469703492197,0.2535885695944873,2717125
Movie 574,0.48592957149506044,0.5444949891659016,2474762
Movie 575,0.24483352058630403,0.237986238563197,750491
Movie 576,0.4652249461587138,0.07691198707787994,5140953
Movie 577,0.11673155053307926,0.05774365644191648,12647
Movie 578,0.29179887725503395,0.20648097188273618,1331313
Movie 579,0.3211508568355388,0.044470779446063036,510150
Movie 580,0.2009824317857164,0.9315420410830799,243684
Movie 581,0.6864809248388941,0.45366819076207165,684250
Movie 582,0.6201520862426578,0.011307606175332996,3138548
Movie 583,0.5452782738887411,0.4976990595504053,544699
Movie 584,0.2989555710813372,0.2171668141908707,68501
Movie 585,0.009006770716278423,0.39437520142857785,159296
Movie 586,0.26008074383960333,0.32215237653302176,1047966
Movie 587,0.9075403725689087,0.7742407192014185,1681382
Movie 588,0.3181370185138245,0.5201305892813941,554351
Movie 589,0.48753622616067827,0.35827677719853535,954173
Movie 590,0.36877486801183723,0.7084665473006575,35046
Movie 591,0.4230177056509279,0.8257798851146009,122331
Movie 592,0.45225485892590545,0.6359022328571956,711402
Movie 593,0.19518261513920498,0.2712518176017862,92849
Movie 594,0.6537358472563953,0.4660580729543988,1366734
Movie 595,0.9877109388386031,0.5082470011367195,190389
Movie 596,0.6181479636083129,0.21417083219285982,480790
Movie 597,0.41782572292961284,0.3624006861838548,211702
Movie 598,0.1874405357926512,0.6097500035060637,53713
Movie 599,0.3997206898115211,0.11211292007470686,98635
Movie 600,0.39174139423534704,0.8503931564524122,186931
Movie 601,0.4607023785670308,0.04442271678525267,601394
Movie 602,0.49223598795420764,0.14302636599858154,2575132
Movie 603,0.11344130769291016,0.19543560648166036,154167
Movie 604,0.9937121479925461,0.4368844311155705,5708524
Movie 605,0.39073702946487776,0.8160787613582824,512550
Movie 606,0.745896318353288,0.7986907055737222,979242
Movie 607,0.8592586717595452,0.857056491554093,2125272
Movie 608,0.1537834712681383,0.0758759519104295,180279
Movie 609,0.02649866476807272,0.9482207084145391,4649
Movie 610,0.5996860390189827,0.5541223788908057,1152202
Movie 611,0.7101320019690752,0.19943806819457532,3070934
Movie 612,0.6538523986574075,0.3744013650835921,2344384
Movie 613,0.8626551514193876,0.862463650673701,1487051
Movie 614,0.7389326989833626,0.588879085192402,1626654
Movie 615,0.08168234084529147,0.1531574546469554,135007
Movie 616,0.7216315028329218,0.8103007492710409,534146
Movie 617,0.6555192020864672,0.012057835841515652,4453321
Movie 618,0.6773730849262637,0.9437272665077125,488949
Movie 619,0.25883515753633546,0.47851734380108,265830
Movie 620,0.2184144387561947,0.4130141818513843,1145403
Movie 621,0.03539072306199631,0.12080342456321913,171442
Movie 622,0.8014844347555382,0.18507149955712854,5484204
Movie 623,0.023818929880633943,0.6292572411155917,8149
Movie 624,0.4560887117642082,0.8961999592605612,124070
Movie 625,0.6017789874832161,0.4518490639496592,1049325
Movie 626,0.5349060023515338,0.1643296989413262,1205080
Movie 627,0.7220733747303462,0.38567771713085364,3479417
Movie 628,0.10685094278400942,0.6686979472388408,38574
Movie 629,0.9132925761875316,0.8022113334758874,923492
Movie 630,0.34161665341837055,0.915422100294076,24437
Movie 631,0.9022885981069046,0.9846060647709527,4616640
Movie 632,0.6767033064760315,0.7875171548886618,3188280
Movie 633,0.1520232025700483,0.31750868374790964,290763
Movie 634,0.7095624574002326,0.47943044453676464,584383
Movie 635,0.22491015515807722,0.9390952279939789,238644
Movie 636,0.5649064608210442,0.7760715989796781,975117
Movie 637,0.8096164363603181,0.7738684318782745,204031
Movie 638,0.5839222500386142,0.5072764986573626,3009226
Movie 639,0.447824853493227,0.9969323705481636,82523
Movie 640,0.8538083572069595,0.47861073523496733,1169487
Movie 641,0.1896953239171203,0.5311170656834089,51292
Movie 642,0.2097511784497661,0.4805772603853883,770742
Movie 643,0.5086991173900979,0.3217314698333217,1317789
Movie 644,0.1748844020995396,0.974315084897953,3719
Movie 645,0.5107295041233021,0.584429147085928,3125911
Movie 646,0.5011506942806339,0.12415609262473393,1148592
Movie 647,0.37999867086025985,0.2745331302348113,229237
Movie 648,0.45576027637784433,0.4157241616351539,2309634
Movie 649,0.297720633744358,0.6340163861079972,85063
Movie 650,0.5153481380993036,0.1774060015834379,2318952
Movie 651,0.922304899587624,0.9887640439964827,302041
Movie 652,0.224911851336826,0.5605219258786072,91296
Movie 653,0.3679235201493817,0.2305484873699124,312236
Movie 654,0.390708765111499,0.8720576751870383,255562
Movie 655,0.19696271244365215,0.6684580001779263,44114
Movie 656,0.7855793436078359,0.3054640985800553,677809
Movie 657,0.8762097012701746,0.5077344981486669,538866
Movie 658,0.6258039067935778,0.32040983681749935,11468791
Movie 659,0.0016049567215062899,0.7609245752093405,541277
Movie 660,0.21746289237602812,0.2727638845109751,452300
Movie 661,0.32162455400208045,0.875712162006265,185161
Movie 662,0.8860570980055473,0.4760663019936541,966373
Movie 663,0.10751988963805115,0.9449261132565415,365676
Movie 664,0.7205553032900528,0.6958153618660999,183673
Movie 665,0.6972147250891881,0.8475024377623761,924365
Movie 666,0.9887320197098846,0.34643475499388554,475146
Movie 667,0.726434200336677,0.2525170216534667,3732157
Movie 668,0.04095551408826237,0.3650183527459996,465378
Movie 669,0.6949740743956124,0.726030218311498,1854358
Movie 670,0.5217598935903418,0.07835008828025691,690382
Movie 671,0.37748525418938583,0.6726221117059681,208593
Movie 672,0.11535858539030075,0.3800434778407573,31059
Movie 673,0.03131439171094075,0.43976670490693426,90060
Movie 674,0.5880475928058805,0.7258532963085768,4290319
Movie 675,0.25992188266582483,0.0596937337482043,114442
Movie 676,0.9872669238075924,0.07221952574403023,3335148
Movie 677,0.38313342649875415,0.2435847225322001,773424
Movie 678,0.861527387097774,0.48157407633619986,1540801
Movie 679,0.30688079476745345,0.05069610360120613,172981
Movie 680,0.32187287102965,0.1315123142067468,1433810
Movie 681,0.2472715739971677,0.9829732370552694,83155
Movie 682,0.28671265534709245,0.5791182621325727,628167
Movie 683,0.5056796448030259,0.6146642013778282,1521161
Movie 684,0.6552779803281314,0.4851142641172298,1492579
Movie 685,0.8900406752724123,0.9025913120126088,138528
Movie 686,0.24895673927645157,0.22502606161687555,773484
Movie 687,0.3242276352971015,0.8122249382078339,48812
Movie 688,0.8332998907689222,0.6740655703884305,2087669
Movie 689,0.7128916507263899,0.8209682626451981,819245
Movie 690,0.0441737425745683,0.3046410398645413,151607
Movie 691,0.5472041169267051,0.693354438927645,972970
Movie 692,0.033400704698399286,0.8296021229143609,22157
Movie 693,0.10811905771653751,0.04398385629390267,117151
Movie 694,0.13589779537475166,0.33031225501255235,526792
Movie 695,0.23568400700166703,0.754154234159318,476873
Movie 696,0.2951055929736677,0.3113042703187292,606468
Movie 697,0.528291407851628,0.3494499443920922,94547
Movie 698,0.6346669529762794,0.3604746005591749,109449
Movie 699,0.9781129261515452,0.010464133854573121,1100469
Movie 700,0.037648859118788236,0.3197689612725576,541325
Movie 701,0.383942635220477,0.18592279283017532,668785
Movie 702,0.37070101205282713,0.25486991675494863,239598
Movie 703,0.9564524983808181,0.3493937710476914,3908762
Movie 704,0.949803088371939,0.33052272488955614,617137
Movie 705,0.22187109906676927,0.7638959662080212,14078
Movie 706,0.06023641148794301,0.09373826020952514,339423
Movie 707,0.5931537627303298,0.15440669700636878,2977422
Movie 708,0.11378703115636934,0.02203507613409328,238258
Movie 709,0.5375147047028425,0.9113914497916809,615442
Movie 710,0.5577664350206009,0.30660624905218614,66518
Movie 711,0.05882519591702762,0.5143693571552231,557024
Movie 712,0.45997669621019077,0.23386863190185503,155306
Movie 713,0.2483112561579891,0.8002245877123255,22233
Movie 714,0.6392063803758737,0.23087126690075066,3930004
Movie 715,0.8252148079203866,0.48624445284814355,837047
Movie 716,0.6394574252779813,0.6366632043597972,2089240
Movie 717,0.9523694206486799,0.32754915673038865,1243273
Movie 718,0.47166672261421805,0.9407474290896941,384719
Movie 719,0.4486204166517488,0.2792148802287624,895202
Movie 720,0.4741596026880984,0.3044440122919586,163287
Movie 721,0.9537608244724534,0.6415101128589563,81733
Movie 722,0.42701834237137726,0.06513671368624008,377733
Movie 723,0.05984618446607559,0.13700992103329246,172346
Movie 724,0.7912665412682224,0.4148012813083508,4572562
Movie 725,0.32685592119495344,0.45638554649265983,5085
Movie 726,0.2669689400380092,0.43952568117670154,1172522
Movie 727,0.623772647728659,0.7313064406905162,3207829
Movie 728,0.9304579547475572,0.2828867611416156,107517
Movie 729,0.4919623650357513,0.9222230325026922,52820
Movie 730,0.4405046307617616,0.64295083474632,107471
Movie 731,0.7151786067367419,0.21407773467236013,1418625
Movie 732,0.24223404749920252,0.5685873965409203,118338
Movie 733,0.16943662609108334,0.1898215535518406,422372
Movie 734,0.5321712047278739,0.34244474200309427,904080
Movie 735,0.7587983006686413,0.5132537242995941,19909
Movie 736,0.9277117726226368,0.49531867223699266,653100
Movie 737,0.5671158621097119,0.3625960353616158,645078
Movie 738,0.6518803584056646,0.23716206020628738,555769
Movie 739,0.5538556528144253,0.29260014307679516,1663081
Movie 740,0.6636224460530589,0.9495617300301226,35998
Movie 741,0.1830278127579218,0.40917902080445834,196691
Movie 742,0.6613702084079195,0.6388808584819802,733553
Movie 743,0.6319619092678221,0.700165085241481,1052673
Movie 744,0.6467423325811424,0.09803284537123902,1200269
Movie 745,0.7728237759188772,0.4159508317768399,301896
Movie 746,0.2745213772982805,0.3006231085130734,896490
Movie 747,0.38645239035049783,0.8153761898664776,130651
Movie 748,0.5791040415875676,0.5110614790862714,380172
Movie 749,0.8415446533524935,0.3562379902630253,1419568
Movie 750,0.4044972315112577,0.29947598561191924,1282254
Movie 751,0.7026940056616029,0.9030897175294108,185301
Movie 752,0.5066012280352802,0.7769431037118272,805194
Movie 753,0.6072599796952559,0.027173431603923603,818468
Movie 754,0.8038879970745326,0.21645657332772372,6888983
Movie 755,0.5369618592672439,0.3184289434619718,1551785
Movie 756,0.4760660057019035,0.6886641099899717,114029
Movie 757,0.19972716860498574,0.27460333131977444,536267
Movie 758,0.4718300074309141,0.6581993906248814,3336200
Movie 759,0.7193821619533696,0.506242744054501,3585584
Movie 760,0.6800744068354446,0.1319565896956213,3445706
Movie 761,0.8491080254176332,0.9961361015541974,809611
Movie 762,0.7513013357903368,0.049708252230961425,1584027
Movie 763,0.9251201747998828,0.445827108015187,336915
Movie 764,0.5886944613722065,0.5397079932137173,450295
Movie 765,0.2827473466243683,0.033347286455793546,494064
Movie 766,0.014505408224905314,0.6842896881981416,124160
Movie 767,0.1603288092226287,0.6433189072223567,680972
Movie 768,0.04653904711835921,0.2959050013152491,4889
Movie 769,0.9659627903027458,0.8755690875631161,3972872
Movie 770,0.3169185720045159,0.1427523317230429,26495
Movie 771,0.7919154121211394,0.19803102771843872,1032201
Movie 772,0.6303238765646499,0.8995139747380412,308938
Movie 773,0.42084805064078723,0.5774673765801969,258050
Movie 774,0.9729145247977277,0.919365041161023,88493
Movie 775,0.30610561902462974,0.17813276584144,87894
Movie 776,0.37238985593486174,0.5304704118849994,1422948
Movie 777,0.4084246338076728,0.09271840585734104,2313667
Movie 778,0.9768925567172049,0.7209614525991455,129698
Movie 779,0.7038551425302568,0.8649847728722594,64263
Movie 780,0.015341461528588618,0.40558477267684045,105147
Movie 781,0.33221535770215005,0.31019329590442446,518171
Movie 782,0.18273084815297047,0.11862798703155464,129758
Movie 783,0.0300691418979967,0.7154721696150168,273000
Movie 784,0.1088166975966971,0.2628909444099614,238526
Movie 785,0.9081795661214002,0.34054316045004174,1128304
Movie 786,0.01852550142202891,0.006754747393696081,19912
Movie 787,0.6373087869477946,0.028022675411471187,3260673
Movie 788,0.6149613155816956,0.4913135083398815,1704244
Movie 789,0.23069504839404276,0.48102577959135184,1010868
Movie 790,0.4192461680598706,0.13222086383476428,546168
Movie 791,0.5228574889207697,0.6834512925057168,2035007
Movie 792,0.09340147841821844,0.9638361285228936,131827
Movie 793,0.30175260103665946,0.8450908714406007,174794
Movie 794,0.3378678868678431,0.30138073114957353,305589
Movie 795,0.643390431281201,0.7371776342868919,132874
Movie 796,0.2986876876674469,0.6038420965199929,112692
Movie 797,0.7296270309314721,0.5285084881106237,525645
Movie 798,0.030031204050267934,0.9057032410062801,525487
Movie 799,0.9181004220549853,0.3997466152318302,1993659
Movie 800,0.3443893230222407,0.10839485027053408,163954
Movie 801,0.5832623811725299,0.9242457471115454,32157
Movie 802,0.3797682908935913,0.1512756540312904,1058152
Movie 803,0.3219836142534198,0.9970483536307466,57388
Movie 804,0.5354478072010058,0.37163038263598824,393831
Movie 805,0.7540325718438529,0.49033220121189813,2318637
Movie 806,0.40216440624322414,0.5247366952786201,296194
Movie 807,0.4924830731179576,0.7930059562719659,212743
Movie 808,0.21540209848227632,0.05365258446584387,66742
Movie 809,0.33778212970502386,0.2777917022084868,897751
Movie 810,0.6157573652923122,0.0729400292957123,2811195
Movie 811,0.5751039467953468,0.050889565538510206,85510
Movie 812,0.5903684358788356,0.04761308675418896,22971
Movie 813,0.8647053387904933,0.701082483800772,653400
Movie 814,0.6466819094780633,0.31225029572562857,224317
Movie 815,0.6065175051482116,0.6786877561425685,343206
Movie 816,0.21191309637053313,0.34634090242222637,745156
Movie 817,0.38707775542036116,0.9342212413693057,273140
Movie 818,0.21533922749166046,0.1661725799904039,386665
Movie 819,0.1835544540072026,0.610171832716675,9
Movie 820,0.05841557355703819,0.423795821310598,36545
Movie 821,0.015340359118790281,0.3799816501499257,312761
Movie 822,0.507002364238553,0.2741819783576396,1944042
Movie 823,0.6421658032055547,0.9558436134468552,62755
Movie 824,0.025652037895054214,0.990754685214965,611793
Movie 825,0.23464420477128622,0.10701376855849887,647695
Movie 826,0.9716509446328626,0.05170263270546549,1163298
Movie 827,0.661974465950986,0.2036324245439587,1072336
Movie 828,0.9409129492301063,0.7039105923799496,229159
Movie 829,0.897415700908506,0.5562152088412138,379205
Movie 830,0.6889366260903618,0.5825670870233288,1580795
Movie 831,0.42932690910806515,0.8658549363595299,93723
Movie 832,0.682290722589309,0.044415674015131024,2166772
Movie 833,0.9651693918511003,0.9159049528438046,4638001
Movie 834,0.561262433411263,0.8842118710860365,162801
Movie 835,0.45023470093017126,0.17022084291314876,333060
Movie 836,0.6888829918318756,0.9523908428441606,3285859
Movie 837,0.9608979462224567,0.13798278465331915,1280218
Movie 838,0.5799461526866941,0.6475713341869714,2609751
Movie 839,0.5813958736556689,0.4429181062544624,608638
Movie 840,0.5465457440133371,0.913133813240177,69294
Movie 841,0.051299695903404,0.2967275613810084,311842
Movie 842,0.11797798195091158,0.0753477931189136,125850
Movie 843,0.6659802549426964,0.27391470132452034,122768
Movie 844,0.2926341781464955,0.024898337066362908,77400
Movie 845,0.09246000479712357,0.9922315670167641,300927
Movie 846,0.5030198173533152,0.21018059759333907,552
Movie 847,0.9931475422299203,0.04824588727270407,369238
Movie 848,0.22240704393569233,0.1553907322389162,82962
Movie 849,0.07415105248346365,0.6546829310298677,57416
Movie 850,0.1936444078628562,0.18436802824725051,608518
Movie 851,0.5656333805725223,0.04454192016194425,118501
Movie 852,0.9467430413342084,0.48818145637964694,740628
Movie 853,0.20928471877926336,0.8447217637931828,188976
Movie 854,0.46456451401572063,0.1397100691803449,3753599
Movie 855,0.9564758063054689,0.07967843797183305,507182
Movie 856,0.07234682777847257,0.8764334913137181,295310
Movie 857,0.06095031454267619,0.5720597966996728,197970
Movie 858,0.10806173456939894,0.4107844465274897,269084
Movie 859,0.07219651454924336,0.5466367979439899,95657
Movie 860,0.9004347807773625,0.6406045949009301,1004304
Movie 861,0.049016401402817045,0.07128513794653035,55028
Movie 862,0.0416243464757704,0.6157897287227504,152014
Movie 863,0.4971410230893304,0.8998633092069483,132484
Movie 864,0.8092483534619871,0.7319544432934234,3498660
Movie 865,0.37132198154124996,0.9653385748277463,194143
Movie 866,0.3018516477125093,0.6160073102422213,206764
Movie 867,0.387922790697362,0.014050955796488074,5784199
Movie 868,0.06423802804606316,0.9342041240669177,50823
Movie 869,0.18127757448608628,0.09436507623492485,68206
Movie 870,0.013287478393976149,0.8918859146893282,62102
Movie 871,0.6889584054094644,0.8815058614578276,1825358
Movie 872,0.023841158750466218,0.4691738550787823,382161
Movie 873,0.18596748493877857,0.5375582872837292,78550
Movie 874,0.9748509224152598,0.8498404880583069,511604
Movie 875,0.4922855834497243,0.20201098358967806,669724
Movie 876,0.13143843223827367,0.2829057845599501,154342
Movie 877,0.6435013041817382,0.9725799484890283,99049
Movie 878,0.7414438453069372,0.7312830055233134,2695507
Movie 879,0.5727330778705257,0.32680805319739914,1018590
Movie 880,0.2387085055554694,0.36512414715280916,98452
Movie 881,0.918707486252957,0.2898712151872024,1306902
Movie 882,0.8742906168823943,0.8429249558831148,2095367
Movie 883,0.44322733859048513,0.9971828214599736,58010
Movie 884,0.6574738965159086,0.18189157290841207,4404272
Movie 885,0.4065511064563163,0.3407864901291374,1586471
Movie 886,0.5324567740900329,0.31853561938722186,83235
Movie 887,0.1852472956568314,0.5834794282436482,76701
Movie 888,0.16069013000686427,0.3549887559098025,119883
Movie 889,0.4396372758388569,0.40660358299355526,6401
Movie 890,0.2818904741199757,0.6023991071073322,472949
Movie 891,0.3518554442284946,0.5627271807181472,669614
Movie 892,0.7367999761905796,0.07914691170409416,1605150
Movie 893,0.7808802098635182,0.4291477673041536,8182199
Movie 894,0.868163862258848,0.78452070834359,910577
Movie 895,0.9575351019368412,0.5397970631080556,2804116
Movie 896,0.5633374663838573,0.9848716634216942,14753
Movie 897,0.8188765897128394,0.4408121733963408,2538359
Movie 898,0.6168565802305189,0.40226941154079443,679538
Movie 899,0.46349967945571835,0.27950946560070467,886323
Movie 900,0.8697492367308138,0.7530387236907513,1110046
Movie 901,0.8782580566352745,0.4700633293181651,1088218
Movie 902,0.13285343709446829,0.6135872948046955,54613
Movie 903,0.7804295430192337,0.7174672541197352,35198
Movie 904,0.438457225342857,0.5885072747799319,1250232
Movie 905,0.2166569336445442,0.29326765239361197,723329
Movie 906,0.50657412960636,0.02094333917838287,4220508
Movie 907,0.3948014184528701,0.780781587421641,67151
Movie 908,0.531642287233235,0.30438466749197823,99423
Movie 909,0.907361704753242,0.23885962686961237,136499
Movie 910,0.6608687229791042,0.15417134465861415,947545
Movie 911,0.33018049888567147,0.7550904269377735,210554
Movie 912,0.8301109474243173,0.6743299244756144,2244860
Movie 913,0.36379063262774314,0.18042243795859791,785746
Movie 914,0.8267548628644606,0.4918270788302408,2440836
Movie 915,0.988771648718679,0.025120992086048566,4120569
Movie 916,0.9733792289008163,0.22428748029539125,1579835
Movie 917,0.3957897894141178,0.2100222607546809,1007452
Movie 918,0.5932878296432992,0.36279411234965064,1300996
Movie 919,0.447703816119298,0.4220039876974242,232169
Movie 920,0.9738918612337302,0.23031377520730134,3656009
Movie 921,0.6064461602909237,0.37739025272350646,875473
Movie 922,0.9976706677749778,0.7639725078421288,3383726
Movie 923,0.26264899278092946,0.5082134566631008,226386
Movie 924,0.655266257375297,0.26092394478170255,2521295
Movie 925,0.44757285786854617,0.7511599999899509,84482
Movie 926,0.18887331456670586,0.24074580036016968,105421
Movie 927,0.2236439292951864,0.05818358244835464,234894
Movie 928,0.33811896604117464,0.19429889416032864,565654
Movie 929,0.004639104862676935,0.04492788338132714,68781
Movie 930,0.21052419843263814,0.615602076940644,205128
Movie 931,0.7222436824028777,0.7804868264588045,19508
Movie 932,0.2617923311866829,0.011026929170329103,424326
Movie 933,0.0273990180372079,0.403544739320437,251120
Movie 934,0.35534714030800474,0.8072870873606999,524354
Movie 935,0.47714519213233153,0.33427233406508805,260599
Movie 936,0.36104734172431474,0.43417349791510906,292688
Movie 937,0.0070731235801916315,0.04478359509876784,30246
Movie 938,0.9034372549371372,0.09335716224321933,1986265
Movie 939,0.8679473664998968,0.9490362233356621,724361
Movie 940,0.38957403494055387,0.33748353230306316,311658
Movie 941,0.635055324833432,0.6971929561730154,1354276
Movie 942,0.6848166790761596,0.03773823376925156,2342375
Movie 943,0.7571580505336882,0.17467218703578857,2700126
Movie 944,0.9448637250444273,0.8872659659998344,3012433
Movie 945,0.768996758632707,0.4689100937505296,32025
Movie 946,0.7835594086894793,0.3677568483823457,447253
Movie 947,0.04621248142505974,0.3369882558521188,368210
Movie 948,0.1655823451130487,0.6227583789808666,181909
Movie 949,0.7792711253505082,0.9873854795429594,6617999
Movie 950,0.634796757180303,0.8503839033234611,1427448
Movie 951,0.4856414721820205,0.10923141536572356,1999764
Movie 952,0.8889168000446734,0.6735170276228138,177711
Movie 953,0.15025636062458259,0.44684291016771305,253400
Movie 954,0.6181087542783186,0.6687013696542095,2891193
Movie 955,0.3199993769760414,0.23568388198029577,2015747
Movie 956,0.3040183650922169,0.4352512434706015,29825
Movie 957,0.6876036985382618,0.770911953472849,166749
Movie 958,0.7081712418489686,0.35498883048023155,996152
Movie 959,0.8469982648411863,0.2448917232109561,9626476
Movie 960,0.45997689506873896,0.41140023307889206,34989
Movie 961,0.07697260472412026,0.54120826865936,550155
Movie 962,0.2089062787225867,0.0648719498900523,710717
Movie 963,0.33425519940470605,0.3574805908666773,234079
Movie 964,0.07231672904557973,0.5985821849174606,45017
Movie 965,0.8858073624118324,0.2899831730843415,504820
Movie 966,0.868349189549613,0.8382367901232509,373682
Movie 967,0.4778680720365839,0.7154201723339404,359605
Movie 968,0.17056664873758676,0.18682595933771395,11638
Movie 969,0.07110222185392512,0.9203478747750777,43995
Movie 970,0.5094447129314631,0.822290037118335,53447
Movie 971,0.077032972787906,0.043663215985189296,21724
Movie 972,0.5440717653985849,0.786508387981342,910305
Movie 973,0.08473371239989447,0.0003028645992257939,35799
Movie 974,0.09753093330175666,0.33354614312337805,758951
Movie 975,0.4913489508612735,0.14830214811535702,331909
Movie 976,0.5283308263404028,0.9274446565752588,43487
Movie 977,0.011667065540445831,0.3032963140838352,241151
Movie 978,0.09968839301776145,0.547764547542844,60979
Movie 979,0.3102958288968496,0.791822985631968,448074
Movie 980,0.9336716370869673,0.5090837351987821,1829598
Movie 981,0.14064642666977678,0.43289517431465097,1087342
Movie 982,0.067119237833425,0.5987202093987061,12326
Movie 983,0.4675826201518887,0.5627728783072516,610305
Movie 984,0.42107117322617216,0.11140661877968605,3215656
Movie 985,0.8822369259498768,0.35723421306570113,4463478
Movie 986,0.0700448077132344,0.5201441701300398,56165
Movie 987,0.5211277754465231,0.32321757564827314,35339
Movie 988,0.3461546310680156,0.004395891700261889,217145
Movie 989,0.9838048755997268,0.473630304359433,1142549
Movie 990,0.6492478648270088,0.8985468831718746,389990
Movie 991,0.3633055304372058,0.40838237245261877,549998
Movie 992,0.7611068646964599,0.2679363384970679,43142
Movie 993,0.45027470391113666,0.6076083712099295,1159555
Movie 994,0.6526201062967317,0.5454489289539226,262100
Movie 995,0.453578425815943,0.6063810529430556,1169435
Movie 996,0.1681742062674454,0.8738721011290006,196092
Movie 997,0.9499228458831984,0.5584308638884479,4780042
Movie 998,0.28216733363364077,0.522501991333634,694377
Movie 999,0.4744919396796573,0.3148715323805321,142843
